"","file","rate","title"
"1","103.txt","SUCCESS"," around the world in 80 days "
"2","1145.txt","SUCCESS"," rupert of hentzau "
"3","1947.txt","SUCCESS"," scaramouche "
"4","19513.txt","SUCCESS"," a journey to the center of the earth "
"5","1965.txt","SUCCESS"," captain blood "
"6","2166.txt","SUCCESS"," king solomon's mines "
"7","24091.txt","SUCCESS"," despoilers of the golden empire "
"8","2727.txt","SUCCESS"," allan's wife "
"9","393.txt","SUCCESS"," the blue lagoon: a romance "
"10","95.txt","SUCCESS"," the prisoner of zenda "
"11","10368.txt","FAILURE"," the vizier of the two-horned alexander "
"12","12190.txt","FAILURE"," the adventures of captain horn "
"13","13290.txt","FAILURE"," martin rattler "
"14","15072.txt","FAILURE"," marjorie's maytime "
"15","18399.txt","FAILURE"," the shipwreck a story for the young "
"16","21393.txt","FAILURE"," ""hendricks the hunter the border farm"
"17","21459.txt","FAILURE"," dick onslow among the redskins "
"18","23662.txt","FAILURE"," the heart of unaga "
"19","24695.txt","FAILURE"," the snowshoe trail "
"20","8493.txt","FAILURE"," the last hope "
"21","106.txt","SUCCESS"," jungle tales of tarzan "
"22","123.txt","SUCCESS"," at the earth's core "
"23","126.txt","SUCCESS"," the poison belt "
"24","17047.txt","SUCCESS"," the half-hearted "
"25","20898.txt","SUCCESS"," the galaxy primes "
"26","25577.txt","SUCCESS"," all adrift or the goldwing club "
"27","3782.txt","SUCCESS"," huntingtower "
"28","468.txt","SUCCESS"," manon lescaut "
"29","9609.txt","SUCCESS"," ""joseph andrews"
"30","9611.txt","SUCCESS"," ""joseph andrews"
"31","10690.txt","FAILURE"," ""a desperate chance or"
"32","12191.txt","FAILURE"," the red axe "
"33","13276.txt","FAILURE"," the mission "
"34","13405.txt","FAILURE"," ""the travels and adventures of monsieur violet in california"
"35","19235.txt","FAILURE"," under the great bear "
"36","21268.txt","FAILURE"," the search for the silver city a tale of adventure in yucatan "
"37","21539.txt","FAILURE"," the blue envelope "
"38","23725.txt","FAILURE"," viking boys "
"39","24996.txt","FAILURE"," the tapu of banderah 1901 "
"40","9649.txt","FAILURE"," with trapper jim in the north woods "
"41","10743.txt","SUCCESS"," moonfleet "
"42","11866.txt","SUCCESS"," ""the life and most surprising adventures of robinson crusoe"
"43","12623.txt","SUCCESS"," the life and adventures of robinson crusoe (1808) "
"44","12986.txt","SUCCESS"," ""the card"
"45","1752.txt","SUCCESS"," ""el dorado"
"46","19640.txt","SUCCESS"," adventures of huckleberry finn "
"47","19714.txt","SUCCESS"," with frederick the great a story of the seven years' war "
"48","2785.txt","SUCCESS"," the elusive pimpernel "
"49","546.txt","SUCCESS"," under the andes "
"50","7100.txt","SUCCESS"," ""adventures of huckleberry finn"
"51","12611.txt","FAILURE"," the regent "
"52","15773.txt","FAILURE"," round the world in seven days "
"53","20131.txt","FAILURE"," the mask a story of love and adventure "
"54","21313.txt","FAILURE"," in honour's cause a tale of the days of george the first "
"55","21314.txt","FAILURE"," king o' the beach a tropic tale "
"56","21795.txt","FAILURE"," fred fearnot's new ranch and how he and terry managed it "
"57","24297.txt","FAILURE"," ""the river of darkness"
"58","24299.txt","FAILURE"," the cryptogram a story of northwest canada "
"59","25079.txt","FAILURE"," queensland cousins "
"60","9873.txt","FAILURE"," till the clock stops "
"61","1083.txt","SUCCESS"," the arrow of gold a story between two notes "
"62","1142.txt","SUCCESS"," typhoon "
"63","13720.txt","SUCCESS"," ""mardi: and a voyage thither"
"64","13721.txt","SUCCESS"," ""mardi: and a voyage thither"
"65","1376.txt","SUCCESS"," ""the little white bird; or"
"66","19678.txt","SUCCESS"," call of the wild "
"67","21338.txt","SUCCESS"," ""the vnfortunate traveller"
"68","215.txt","SUCCESS"," the call of the wild "
"69","2226.txt","SUCCESS"," kim "
"70","2275.txt","SUCCESS"," the pioneers "
"71","10988.txt","FAILURE"," the devil's admiral "
"72","11909.txt","FAILURE"," ""bob the castaway or"
"73","12405.txt","FAILURE"," ""frank"
"74","13946.txt","FAILURE"," camp and trail a story of the maine woods "
"75","14361.txt","FAILURE"," carmen's messenger "
"76","16604.txt","FAILURE"," poison island "
"77","20261.txt","FAILURE"," the adventures of harry revel "
"78","22086.txt","FAILURE"," ""the son of monte-cristo"
"79","25144.txt","FAILURE"," a voyage with captain dynamite "
"80","9927.txt","FAILURE"," the bronze bell "
"81","1184.txt","SUCCESS"," the count of monte cristo "
"82","12556.txt","SUCCESS"," a master of fortune being further adventures of captain kettle "
"83","18883.txt","SUCCESS"," the four feathers "
"84","18997.txt","SUCCESS"," ""the vicomte de bragelonne or ten years later being the completion of """"the three musketeers"""" and """"twenty years after"""""" "
"85","21513.txt","SUCCESS"," ""life and adventures of peter wilkins"
"86","2360.txt","SUCCESS"," the riddle of the sands "
"87","23765.txt","SUCCESS"," ""captain boldheart & the latin-grammar master a holiday romance from the pen of lieut-col. robin redforth"
"88","794.txt","SUCCESS"," the wouldbegoods "
"89","966.txt","SUCCESS"," maid marian "
"90","968.txt","SUCCESS"," martin chuzzlewit "
"91","11997.txt","FAILURE"," crusoes of the frozen north "
"92","14882.txt","FAILURE"," bobby of the labrador "
"93","15546.txt","FAILURE"," the last of the peterkins with others of their kin "
"94","17131.txt","FAILURE"," the colonel of the red huzzars "
"95","20618.txt","FAILURE"," ""the boy land boomer or"
"96","20870.txt","FAILURE"," ""the motor girls through new england or"
"97","22424.txt","FAILURE"," frank merriwell down south "
"98","24306.txt","FAILURE"," the flaming jewel "
"99","25316.txt","FAILURE"," frank merriwell's son a chip off the old block "
"100","9968.txt","FAILURE"," ""the young woodsman or"
"101","10067.txt","SUCCESS"," the mystery of the boule cabinet a detective story "
"102","11128.txt","SUCCESS"," the red thumb mark "
"103","12187.txt","SUCCESS"," the mystery of 31 new inn "
"104","13372.txt","SUCCESS"," the gloved hand "
"105","1695.txt","SUCCESS"," ""the man who was thursday"
"106","1718.txt","SUCCESS"," manalive "
"107","20912.txt","SUCCESS"," the daffodil mystery "
"108","21530.txt","SUCCESS"," the angel of terror "
"109","3180.txt","SUCCESS"," a double barrelled detective story "
"110","3181.txt","SUCCESS"," the stolen white elephant "
"111","10029.txt","FAILURE"," the hunt ball mystery "
"112","12195.txt","FAILURE"," the mystery of metropolisville "
"113","14369.txt","FAILURE"," ""the young engineers on the gulf or"
"114","18671.txt","FAILURE"," never-fail blake "
"115","20152.txt","FAILURE"," the winning clue "
"116","24945.txt","FAILURE"," mufti "
"117","25873.txt","FAILURE"," ""the motor girls on crystal bay or"
"118","2789.txt","FAILURE"," the motor girls on a tour "
"119","28504.txt","FAILURE"," the rival campers ashore the mystery of the mill "
"120","9300.txt","FAILURE"," ""jennie baxter"
"121","108.txt","SUCCESS"," the return of sherlock holmes "
"122","11451.txt","SUCCESS"," the rome express "
"123","16339.txt","SUCCESS"," the passenger from calais "
"124","19069.txt","SUCCESS"," the silent house "
"125","2014.txt","SUCCESS"," the lodger "
"126","2097.txt","SUCCESS"," the sign of the four "
"127","3802.txt","SUCCESS"," the widow lerouge "
"128","4071.txt","SUCCESS"," monsieur lecoq "
"129","564.txt","SUCCESS"," the mystery of edwin drood "
"130","5660.txt","SUCCESS"," mary louise "
"131","10537.txt","FAILURE"," the governors "
"132","10575.txt","FAILURE"," the profiteers "
"133","14623.txt","FAILURE"," six little bunkers at grandma bell's "
"134","18965.txt","FAILURE"," the substitute prisoner "
"135","22212.txt","FAILURE"," the paternoster ruby "
"136","25695.txt","FAILURE"," the diamond coterie "
"137","25847.txt","FAILURE"," patty's friends "
"138","25875.txt","FAILURE"," the woman from outside [on swan river] "
"139","2883.txt","FAILURE"," the gold bag "
"140","9635.txt","FAILURE"," the end of her honeymoon "
"141","10373.txt","SUCCESS"," the middle temple murder "
"142","1155.txt","SUCCESS"," secret adversary "
"143","1167.txt","SUCCESS"," a strange disappearance "
"144","12239.txt","SUCCESS"," dead men's money "
"145","155.txt","SUCCESS"," the moonstone "
"146","1622.txt","SUCCESS"," the law and the lady "
"147","172.txt","SUCCESS"," the haunted bookshop "
"148","17763.txt","SUCCESS"," the mystery of the hasty arrow "
"149","6864.txt","SUCCESS"," average jones "
"150","863.txt","SUCCESS"," the mysterious affair at styles "
"151","12678.txt","FAILURE"," ""the house of mystery an episode in the career of rosalie le grange"
"152","13880.txt","FAILURE"," triple spies "
"153","19335.txt","FAILURE"," ""oscar the detective or"
"154","22820.txt","FAILURE"," the crooked house "
"155","25787.txt","FAILURE"," ""on the edge of the arctic or"
"156","26155.txt","FAILURE"," two wonderful detectives jack and gil's marvelous skill "
"157","26372.txt","FAILURE"," panther eye "
"158","27097.txt","FAILURE"," the boy ranchers in death valley or diamond x and the poison mystery "
"159","431.txt","FAILURE"," the fortune hunter "
"160","9808.txt","FAILURE"," the loudwater mystery "
"161","1076.txt","SUCCESS"," the wallet of kai lung "
"162","1159.txt","SUCCESS"," fire-tongue "
"163","1182.txt","SUCCESS"," dope "
"164","12509.txt","SUCCESS"," the moon rock "
"165","13058.txt","SUCCESS"," the teeth of the tiger "
"166","14332.txt","SUCCESS"," cleek: the man of the forty faces "
"167","1563.txt","SUCCESS"," the crystal stopper "
"168","20494.txt","SUCCESS"," the shrieking pit "
"169","2568.txt","SUCCESS"," trent's last case "
"170","4715.txt","SUCCESS"," an african millionaire episodes in the life of the illustrious colonel clay "
"171","10584.txt","FAILURE"," ""air service boys over the atlantic or"
"172","14096.txt","FAILURE"," ""with links of steel or"
"173","15695.txt","FAILURE"," 'doc.' gordon "
"174","15965.txt","FAILURE"," in friendship's guise "
"175","24033.txt","FAILURE"," ""dave porter in the gold fields or"
"176","2691.txt","FAILURE"," ""nan sherwood at pine camp or"
"177","26925.txt","FAILURE"," the bradys beyond their depth the great swamp mystery "
"178","4660.txt","FAILURE"," timothy crump's ward a story of american life "
"179","5002.txt","FAILURE"," ""the rover boys in business or"
"180","9853.txt","FAILURE"," the mystery of the four fingers "
"181","11127.txt","SUCCESS"," the case of jennie brice "
"182","1601.txt","SUCCESS"," the breaking point "
"183","1686.txt","SUCCESS"," the secret of the night "
"184","1703.txt","SUCCESS"," dead men tell no tales "
"185","17866.txt","SUCCESS"," murder in the gunroom "
"186","1814.txt","SUCCESS"," the agony column "
"187","1872.txt","SUCCESS"," the red house mystery "
"188","20559.txt","SUCCESS"," ""r. holmes & co. being the remarkable adventures of raffles holmes"
"189","546.txt","SUCCESS"," under the andes "
"190","9746.txt","SUCCESS"," the ashiel mystery: a detective story "
"191","11085.txt","FAILURE"," ""m. or n. """"similia similibus curantur."""""" "
"192","14167.txt","FAILURE"," the red redmaynes "
"193","17762.txt","FAILURE"," the burglar's fate and the detectives "
"194","19523.txt","FAILURE"," a husband by proxy "
"195","19901.txt","FAILURE"," the castle of the shadows "
"196","24102.txt","FAILURE"," ""owen clancy's happy trail or"
"197","25849.txt","FAILURE"," the launch boys' adventures in northern waters "
"198","26657.txt","FAILURE"," the motor pirate "
"199","27890.txt","FAILURE"," the merriweather girls in quest of treasure "
"200","9974.txt","FAILURE"," the yellow streak "
"201","1027.txt","SUCCESS"," ""the lone star ranger"
"202","1095.txt","SUCCESS"," light of the western stars "
"203","165.txt","SUCCESS"," mcteague "
"204","1897.txt","SUCCESS"," the seventh man "
"205","243.txt","SUCCESS"," the forged coupon "
"206","331.txt","SUCCESS"," the mucker "
"207","363.txt","SUCCESS"," the oakdale affair "
"208","5240.txt","SUCCESS"," the confessions of harry lorrequer � complete "
"209","525.txt","SUCCESS"," ""youth"
"210","689.txt","SUCCESS"," the kreutzer sonata and other stories "
"211","11005.txt","FAILURE"," o+f "
"212","13238.txt","FAILURE"," six women "
"213","15181.txt","FAILURE"," my mother's rival everyday life library no. 4 "
"214","15182.txt","FAILURE"," marion arleigh's penance everyday life library no. 5 "
"215","15793.txt","FAILURE"," an unpardonable liar "
"216","1762.txt","FAILURE"," the consul "
"217","1819.txt","FAILURE"," the messengers "
"218","20615.txt","FAILURE"," the master-knot of human fate "
"219","22961.txt","FAILURE"," ""nell"
"220","5236.txt","FAILURE"," the confessions of harry lorrequer � volume 3 "
"221","1032.txt","SUCCESS"," the pupil "
"222","1093.txt","SUCCESS"," the beast in the jungle "
"223","1156.txt","SUCCESS"," babbitt "
"224","1253.txt","SUCCESS"," a simple soul "
"225","1290.txt","SUCCESS"," salammbo "
"226","17047.txt","SUCCESS"," the half-hearted "
"227","2028.txt","SUCCESS"," the yellow claw "
"228","24920.txt","SUCCESS"," the book of all-power "
"229","39293.txt","SUCCESS"," the gentlemen's book of etiquette and manual of politeness being a complete guide for a gentleman's conduct in all his relations towards society "
"230","543.txt","SUCCESS"," main street "
"231","13261.txt","FAILURE"," jason a romance "
"232","15103.txt","FAILURE"," the imaginary marriage "
"233","15244.txt","FAILURE"," ""lewie or"
"234","16137.txt","FAILURE"," the hoyden "
"235","16836.txt","FAILURE"," ""mark hurdlestone or"
"236","18280.txt","FAILURE"," enter bridget "
"237","20835.txt","FAILURE"," ""the monctons: a novel"
"238","23010.txt","FAILURE"," ""gulmore"
"239","23012.txt","FAILURE"," elder conklin "
"240","726.txt","FAILURE"," a psychological counter-current in recent fiction "
"241","1074.txt","SUCCESS"," the sea wolf "
"242","1162.txt","SUCCESS"," the jacket (star-rover) "
"243","1595.txt","SUCCESS"," whirligigs "
"244","1601.txt","SUCCESS"," the breaking point "
"245","1646.txt","SUCCESS"," roads of destiny "
"246","21767.txt","SUCCESS"," agatha's husband a novel "
"247","2675.txt","SUCCESS"," burlesques "
"248","343.txt","SUCCESS"," fables "
"249","434.txt","SUCCESS"," the circular staircase "
"250","546.txt","SUCCESS"," under the andes "
"251","12181.txt","FAILURE"," the story of bessie costrell "
"252","12935.txt","FAILURE"," the song of the blood-red flower "
"253","1367.txt","FAILURE"," findelkind "
"254","15123.txt","FAILURE"," david lockwin�the people's idol "
"255","15315.txt","FAILURE"," ""gladys"
"256","16398.txt","FAILURE"," what necessity knows "
"257","16993.txt","FAILURE"," miss dexie a romance of the provinces "
"258","19173.txt","FAILURE"," the cow puncher "
"259","21690.txt","FAILURE"," ""flint his faults"
"260","9087.txt","FAILURE"," eleanor "
"261","1204.txt","SUCCESS"," cabin fever "
"262","13541.txt","SUCCESS"," ""the collected works of ambrose bierce"
"263","14420.txt","SUCCESS"," the exemplary novels of cervantes "
"264","1743.txt","SUCCESS"," twelve stories and a dream "
"265","222.txt","SUCCESS"," moon and sixpence "
"266","2684.txt","SUCCESS"," five tales "
"267","325.txt","SUCCESS"," ""phantastes"
"268","346.txt","SUCCESS"," the troll garden and selected stories "
"269","351.txt","SUCCESS"," of human bondage "
"270","524.txt","SUCCESS"," ""ann veronica"
"271","12972.txt","FAILURE"," people like that a novel "
"272","14425.txt","FAILURE"," ""mona or"
"273","15179.txt","FAILURE"," the inner sisterhood a social study in high colors "
"274","15382.txt","FAILURE"," jess of the rebel trail "
"275","16803.txt","FAILURE"," lydia of the pines "
"276","20462.txt","FAILURE"," ""ernest linwood or"
"277","22205.txt","FAILURE"," in direst peril "
"278","22206.txt","FAILURE"," ""an old meerschaum from coals of fire and other stories"
"279","23106.txt","FAILURE"," ""helen and arthur or"
"280","9926.txt","FAILURE"," ""the two guardians or"
"281","1097.txt","SUCCESS"," mrs. warren's profession "
"282","1213.txt","SUCCESS"," the man that corrupted hadleyburg "
"283","1354.txt","SUCCESS"," chronicles of avonlea "
"284","142.txt","SUCCESS"," ""the 30"
"285","144.txt","SUCCESS"," the voyage out "
"286","1840.txt","SUCCESS"," ""the financier"
"287","1848.txt","SUCCESS"," montezuma's daughter "
"288","22480.txt","SUCCESS"," the prussian officer "
"289","294.txt","SUCCESS"," the captain of the polestar "
"290","8496.txt","SUCCESS"," the quest "
"291","13178.txt","FAILURE"," broken to the plow a novel "
"292","14490.txt","FAILURE"," a daughter of to-day "
"293","14523.txt","FAILURE"," sister carmen "
"294","15430.txt","FAILURE"," the lever a novel "
"295","16497.txt","FAILURE"," the moon out of reach "
"296","16574.txt","FAILURE"," the twins a domestic novel "
"297","18052.txt","FAILURE"," medoline selwyn's work "
"298","20235.txt","FAILURE"," heart a social novel "
"299","2685.txt","FAILURE"," the way to peace "
"300","9967.txt","FAILURE"," mr. waddington of wyck "
"301","11228.txt","SUCCESS"," the marrow of tradition "
"302","11413.txt","SUCCESS"," the refugees a tale of two continents "
"303","17221.txt","SUCCESS"," history of the plague in london "
"304","1880.txt","SUCCESS"," ""pathfinder; or"
"305","2275.txt","SUCCESS"," the pioneers "
"306","2845.txt","SUCCESS"," sir nigel "
"307","30344.txt","SUCCESS"," the fortunate mistress (parts 1 and 2) or a history of the life of mademoiselle de beleau known by the name of the lady roxana "
"308","30723.txt","SUCCESS"," fathers and children "
"309","7037.txt","SUCCESS"," beric the briton : a story of the roman invasion "
"310","7060.txt","SUCCESS"," at agincourt "
"311","10094.txt","FAILURE"," a soldier of virginia a tale of colonel washington and braddock's defeat "
"312","12558.txt","FAILURE"," ""snarleyyow"
"313","12959.txt","FAILURE"," newton forster "
"314","14656.txt","FAILURE"," the sword maker "
"315","18182.txt","FAILURE"," ""heralds of empire being the story of one ramsay stanhope"
"316","20418.txt","FAILURE"," lords of the north "
"317","2059.txt","FAILURE"," the little shepherd of kingdom come "
"318","22304.txt","FAILURE"," nicanor - teller of tales a story of roman britain "
"319","3339.txt","FAILURE"," the wandering jew � volume 01 "
"320","3340.txt","FAILURE"," the wandering jew � volume 02 "
"321","135.txt","SUCCESS"," les mis�rables "
"322","17460.txt","SUCCESS"," lorna doone a romance of exmoor "
"323","19194.txt","SUCCESS"," rebel raider "
"324","2600.txt","SUCCESS"," war and peace "
"325","2610.txt","SUCCESS"," notre-dame de paris "
"326","2853.txt","SUCCESS"," quo vadis: a narrative of the time of nero "
"327","369.txt","SUCCESS"," the outlaw of torn "
"328","467.txt","SUCCESS"," the princess of cleves "
"329","8123.txt","SUCCESS"," the virginians "
"330","840.txt","SUCCESS"," lorna doone; a romance of exmoor "
"331","10455.txt","FAILURE"," a golden book of venice "
"332","13215.txt","FAILURE"," edwy the fair or the first chronicle of aescendune a tale of the days of saint dunstan "
"333","15228.txt","FAILURE"," lady good-for-nothing a man's portrait of a woman "
"334","16890.txt","FAILURE"," hetty wesley "
"335","17012.txt","FAILURE"," the house of walderne a tale of the cloister and the forest in the days of the barons' wars "
"336","19485.txt","FAILURE"," the long night "
"337","20911.txt","FAILURE"," the rose of old st. louis "
"338","22334.txt","FAILURE"," in kings' byways "
"339","23675.txt","FAILURE"," under the rose "
"340","24120.txt","FAILURE"," ""the hour and the man"
"341","15868.txt","SUCCESS"," the man without a country and other tales "
"342","1606.txt","SUCCESS"," kenilworth "
"343","1752.txt","SUCCESS"," ""el dorado"
"344","1947.txt","SUCCESS"," scaramouche "
"345","1965.txt","SUCCESS"," captain blood "
"346","2785.txt","SUCCESS"," the elusive pimpernel "
"347","2948.txt","SUCCESS"," where angels fear to tread "
"348","3942.txt","SUCCESS"," the confession of a child of the century � complete "
"349","4537.txt","SUCCESS"," sylvia's lovers � complete "
"350","471.txt","SUCCESS"," the bride of lammermoor "
"351","12256.txt","FAILURE"," mistress penwick "
"352","12270.txt","FAILURE"," the doomswoman an historical romance of old california "
"353","13315.txt","FAILURE"," a prince of cornwall a story of glastonbury and the west in the days of ina of wessex "
"354","13438.txt","FAILURE"," a king's comrade a story of old hereford "
"355","15470.txt","FAILURE"," inez a tale of the alamo "
"356","20219.txt","FAILURE"," the lion's brood "
"357","22779.txt","FAILURE"," ""the false chevalier or"
"358","24140.txt","FAILURE"," the northern iron "
"359","4534.txt","FAILURE"," sylvia's lovers � volume 1 "
"360","9869.txt","FAILURE"," the confession of a child of the century "
"361","1184.txt","SUCCESS"," the count of monte cristo "
"362","1257.txt","SUCCESS"," the three musketeers "
"363","1692.txt","SUCCESS"," 1492 "
"364","1837.txt","SUCCESS"," the prince and the pauper "
"365","2145.txt","SUCCESS"," ben-hur; a tale of the christ "
"366","24680.txt","SUCCESS"," the martyr of the catacombs a tale of ancient rome "
"367","26282.txt","SUCCESS"," the witch of salem or credulity run mad "
"368","421.txt","SUCCESS"," kidnapped "
"369","6308.txt","SUCCESS"," hypatia � or new foes with an old face "
"370","848.txt","SUCCESS"," the black arrow "
"371","11534.txt","FAILURE"," the lions of the lord a tale of the old west "
"372","12560.txt","FAILURE"," port o' gold a history-romance of the san francisco argonauts "
"373","13404.txt","FAILURE"," tom tufton's travels "
"374","15534.txt","FAILURE"," children of the market place "
"375","17183.txt","FAILURE"," atm� a romance "
"376","2029.txt","FAILURE"," lahoma "
"377","2139.txt","FAILURE"," ""alvira"
"378","22902.txt","FAILURE"," ""the liberty boys running the blockade or"
"379","24417.txt","FAILURE"," the forest king wild hunter of the adaca "
"380","7155.txt","FAILURE"," ""the prince and the pauper"
"381","1261.txt","SUCCESS"," betty zane "
"382","1711.txt","SUCCESS"," child of storm "
"383","1842.txt","SUCCESS"," ""michael strogoff or"
"384","20840.txt","SUCCESS"," rebel spurs "
"385","24020.txt","SUCCESS"," romola "
"386","25344.txt","SUCCESS"," the scarlet letter "
"387","26240.txt","SUCCESS"," the clansman an historical romance of the ku klux klan "
"388","30486.txt","SUCCESS"," shirley "
"389","463.txt","SUCCESS"," the red badge of courage "
"390","917.txt","SUCCESS"," barnaby rudge: a tale of the riots of 'eighty "
"391","11379.txt","FAILURE"," round anvil rock a romance "
"392","11690.txt","FAILURE"," calvert of strathore "
"393","12725.txt","FAILURE"," ""the vale of cedars or"
"394","15808.txt","FAILURE"," ""the history of richard raynal"
"395","1665.txt","FAILURE"," ""derrick vaughan"
"396","17690.txt","FAILURE"," the master of appleby a novel tale concerning itself in part with the great struggle in the two carolinas; but chiefly with the adventures therein of two gentlemen who loved one and the same lady "
"397","21234.txt","FAILURE"," the gold that glitters the mistakes of jenny lavender "
"398","21492.txt","FAILURE"," a true hero a story of the days of william penn "
"399","22942.txt","FAILURE"," clare avery a story of the spanish armada "
"400","24483.txt","FAILURE"," the justice of the king "
"401","1028.txt","SUCCESS"," the professor "
"402","1260.txt","SUCCESS"," jane eyre "
"403","145.txt","SUCCESS"," middlemarch "
"404","157.txt","SUCCESS"," daddy-long-legs "
"405","17460.txt","SUCCESS"," lorna doone a romance of exmoor "
"406","19782.txt","SUCCESS"," daddy-long-legs "
"407","2834.txt","SUCCESS"," the portrait of a lady � volume 2 "
"408","29452.txt","SUCCESS"," ""the wings of the dove"
"409","507.txt","SUCCESS"," adam bede "
"410","840.txt","SUCCESS"," lorna doone; a romance of exmoor "
"411","10452.txt","FAILURE"," peter's mother "
"412","11379.txt","FAILURE"," round anvil rock a romance "
"413","12971.txt","FAILURE"," the man in lonely land "
"414","14153.txt","FAILURE"," westways a village chronicle "
"415","15406.txt","FAILURE"," the little red chimney being the love story of a candy man "
"416","17301.txt","FAILURE"," on with torchy "
"417","18902.txt","FAILURE"," flood tide "
"418","20661.txt","FAILURE"," the romance of an old fool "
"419","21099.txt","FAILURE"," more about peggy "
"420","21120.txt","FAILURE"," the fortunes of the farrells "
"421","107.txt","SUCCESS"," far from the madding crowd "
"422","122.txt","SUCCESS"," the return of the native "
"423","1476.txt","SUCCESS"," chance: a tale in two parts "
"424","17498.txt","SUCCESS"," ""when knighthood was in flower or"
"425","20533.txt","SUCCESS"," jill the reckless "
"426","22002.txt","SUCCESS"," a simple story "
"427","23506.txt","SUCCESS"," chance: a tale in two parts "
"428","23727.txt","SUCCESS"," the lost girl "
"429","4075.txt","SUCCESS"," the intrusion of jimmy "
"430","4240.txt","SUCCESS"," women in love "
"431","10608.txt","FAILURE"," ""the turquoise cup"
"432","11912.txt","FAILURE"," the brown study "
"433","13071.txt","FAILURE"," helena "
"434","14406.txt","FAILURE"," the intriguers "
"435","16343.txt","FAILURE"," beth woodburn "
"436","17690.txt","FAILURE"," the master of appleby a novel tale concerning itself in part with the great struggle in the two carolinas; but chiefly with the adventures therein of two gentlemen who loved one and the same lady "
"437","19411.txt","FAILURE"," the woman's way "
"438","20901.txt","FAILURE"," in apple-blossom time a fairy-tale to date "
"439","21625.txt","FAILURE"," play the game! "
"440","24910.txt","FAILURE"," the last woman "
"441","11640.txt","SUCCESS"," love and mr. lewisham "
"442","1245.txt","SUCCESS"," night and day "
"443","1250.txt","SUCCESS"," anthem "
"444","1845.txt","SUCCESS"," ""zuleika dobson"
"445","2070.txt","SUCCESS"," to the last man "
"446","3155.txt","SUCCESS"," she "
"447","467.txt","SUCCESS"," the princess of cleves "
"448","4684.txt","SUCCESS"," the u. p. trail "
"449","583.txt","SUCCESS"," the woman in white "
"450","805.txt","SUCCESS"," this side of paradise "
"451","10932.txt","FAILURE"," over the pass "
"452","12557.txt","FAILURE"," the penalty "
"453","13282.txt","FAILURE"," the island of faith "
"454","14708.txt","FAILURE"," the laurel bush an old-fashioned love story "
"455","16497.txt","FAILURE"," the moon out of reach "
"456","17891.txt","FAILURE"," evelina's garden "
"457","21095.txt","FAILURE"," ""she and i"
"458","21096.txt","FAILURE"," ""she and i"
"459","21834.txt","FAILURE"," the black colonel "
"460","26135.txt","FAILURE"," love at paddington "
"461","121.txt","SUCCESS"," northanger abbey "
"462","12280.txt","SUCCESS"," the grandissimes "
"463","16389.txt","SUCCESS"," the enchanted april "
"464","18883.txt","SUCCESS"," the four feathers "
"465","21094.txt","SUCCESS"," the girl in the golden atom "
"466","23810.txt","SUCCESS"," at fault "
"467","35247.txt","SUCCESS"," that affair at elizabeth "
"468","6784.txt","SUCCESS"," love and intrigue "
"469","883.txt","SUCCESS"," our mutual friend "
"470","963.txt","SUCCESS"," little dorrit "
"471","11106.txt","FAILURE"," the girl at cobhurst "
"472","12639.txt","FAILURE"," spanish doubloons "
"473","13396.txt","FAILURE"," sweetapple cove "
"474","14854.txt","FAILURE"," martha by-the-day "
"475","16699.txt","FAILURE"," glen of the high north "
"476","18057.txt","FAILURE"," flower of the dusk "
"477","19798.txt","FAILURE"," the farringdons "
"478","19861.txt","FAILURE"," the lady paramount "
"479","22076.txt","FAILURE"," the second chance "
"480","504.txt","FAILURE"," the fifth string "
"481","1399.txt","SUCCESS"," anna karenina "
"482","166.txt","SUCCESS"," summer "
"483","19500.txt","SUCCESS"," can you forgive her? "
"484","21415.txt","SUCCESS"," ""the young visiters or"
"485","24000.txt","SUCCESS"," miss mackenzie "
"486","3957.txt","SUCCESS"," l'abbe constantin � complete "
"487","471.txt","SUCCESS"," the bride of lammermoor "
"488","541.txt","SUCCESS"," the age of innocence "
"489","768.txt","SUCCESS"," wuthering heights "
"490","966.txt","SUCCESS"," maid marian "
"491","11166.txt","FAILURE"," for gold or soul? the story of a great department store "
"492","12876.txt","FAILURE"," a young girl's wooing "
"493","13679.txt","FAILURE"," andrew the glad "
"494","15243.txt","FAILURE"," over paradise ridge a romance "
"495","16777.txt","FAILURE"," the heart of the desert kut-le of the desert "
"496","18426.txt","FAILURE"," sunny slopes "
"497","20563.txt","FAILURE"," terry a tale of the hill people "
"498","23695.txt","FAILURE"," the little gray lady 1909 "
"499","24771.txt","FAILURE"," tutors' lane "
"500","787.txt","FAILURE"," ""the man between"
"501","12843.txt","SUCCESS"," poems household edition "
"502","1322.txt","SUCCESS"," leaves of grass "
"503","15963.txt","SUCCESS"," may-day and other pieces "
"504","22531.txt","SUCCESS"," amores poems "
"505","23394.txt","SUCCESS"," look! we have come through! "
"506","2665.txt","SUCCESS"," the professor at the breakfast-table "
"507","2666.txt","SUCCESS"," the poet at the breakfast-table "
"508","27494.txt","SUCCESS"," the patriotic poems of walt whitman "
"509","5720.txt","SUCCESS"," a shropshire lad "
"510","791.txt","SUCCESS"," the princess "
"511","10457.txt","FAILURE"," the lonely dancer and other poems "
"512","11215.txt","FAILURE"," poems (1828) "
"513","11983.txt","FAILURE"," poetic sketches a collection of miscellaneous poetry "
"514","15078.txt","FAILURE"," idle hour stories "
"515","16535.txt","FAILURE"," myth and romance being a book of verses "
"516","17619.txt","FAILURE"," a jongleur strayed verses on love and other matters sacred and profane "
"517","19443.txt","FAILURE"," our profession and other poems "
"518","22289.txt","FAILURE"," the conuercyon of swerers (the conversion of swearers) "
"519","22326.txt","FAILURE"," the c�forte of louers the comfort of lovers "
"520","27700.txt","FAILURE"," the rose-jar "
"521","1246.txt","SUCCESS"," the house of dust; a symphony "
"522","16229.txt","SUCCESS"," the poems of henry van dyke "
"523","1745.txt","SUCCESS"," the poetical works of john milton "
"524","19819.txt","SUCCESS"," milton's comus "
"525","20158.txt","SUCCESS"," the works of lord byron. vol. 4 "
"526","21628.txt","SUCCESS"," imaginary conversations and poems a selection "
"527","27199.txt","SUCCESS"," japanese prints "
"528","30501.txt","SUCCESS"," collected poems volume one "
"529","574.txt","SUCCESS"," poems of william blake "
"530","841.txt","SUCCESS"," ""men"
"531","13908.txt","FAILURE"," pipes o'pan at zekesbury "
"532","14531.txt","FAILURE"," the singing man a book of songs and shadows "
"533","15079.txt","FAILURE"," ""green fields and running brooks"
"534","16735.txt","FAILURE"," ""lays of ancient virginia"
"535","17936.txt","FAILURE"," poems "
"536","19836.txt","FAILURE"," early spring "
"537","22637.txt","FAILURE"," a little window "
"538","26611.txt","FAILURE"," enthusiasm and other poems "
"539","27731.txt","FAILURE"," the new world "
"540","9372.txt","FAILURE"," songs out of doors "
"541","10133.txt","SUCCESS"," ""the vigil of venus and other poems by """"q"""""" "
"542","13621.txt","SUCCESS"," ""the poems of jonathan swift"
"543","14353.txt","SUCCESS"," ""the poems of jonathan swift"
"544","16839.txt","SUCCESS"," sixteen poems "
"545","19978.txt","SUCCESS"," 35 sonnets "
"546","21777.txt","SUCCESS"," the years between "
"547","23538.txt","SUCCESS"," hugh selwyn mauberley "
"548","30568.txt","SUCCESS"," ""kipling stories and poems every child should know"
"549","8795.txt","SUCCESS"," ""the divine comedy by dante"
"550","8799.txt","SUCCESS"," ""the divine comedy by dante"
"551","10367.txt","FAILURE"," poems "
"552","10518.txt","FAILURE"," poems "
"553","11564.txt","FAILURE"," ""an essay on war"
"554","14869.txt","FAILURE"," soldier songs and love songs "
"555","15101.txt","FAILURE"," the mountain spring and other poems "
"556","16821.txt","FAILURE"," the scarlet gown being verses by a st. andrews man "
"557","18009.txt","FAILURE"," ""sagittulae"
"558","21509.txt","FAILURE"," ""rowena & harold a romance in rhyme of an olden time"
"559","22803.txt","FAILURE"," helen redeemed and other poems "
"560","26675.txt","FAILURE"," the masque of the elements "
"561","1459.txt","SUCCESS"," prufrock and other observations "
"562","1567.txt","SUCCESS"," poems "
"563","19315.txt","SUCCESS"," the poems of giacomo leopardi "
"564","2002.txt","SUCCESS"," sonnets from the portuguese "
"565","22403.txt","SUCCESS"," poems of gerard manley hopkins now first published "
"566","25631.txt","SUCCESS"," a poetical cook-book "
"567","28665.txt","SUCCESS"," sea garden "
"568","36773.txt","SUCCESS"," oxford lectures on poetry "
"569","6081.txt","SUCCESS"," biographia literaria "
"570","6796.txt","SUCCESS"," the poems of schiller � third period "
"571","11006.txt","FAILURE"," the book with the yellow cover "
"572","12095.txt","FAILURE"," more bywords "
"573","14871.txt","FAILURE"," poems "
"574","16108.txt","FAILURE"," debris selections from poems "
"575","17065.txt","FAILURE"," ""interludes being two essays"
"576","18658.txt","FAILURE"," in macao "
"577","22032.txt","FAILURE"," later poems "
"578","23392.txt","FAILURE"," the hours of fiammetta a sonnet sequence "
"579","27139.txt","FAILURE"," a leaf from the old forest "
"580","9465.txt","FAILURE"," songs of two "
"581","1211.txt","SUCCESS"," a selection from the lyrical poems of robert herrick "
"582","12977.txt","SUCCESS"," black beetles in amber "
"583","17081.txt","SUCCESS"," cottage poems "
"584","2003.txt","SUCCESS"," spirits in bondage; a cycle of lyrics "
"585","22421.txt","SUCCESS"," the hesperides & noble numbers: vol. 1 and 2 "
"586","28903.txt","SUCCESS"," all that matters "
"587","30357.txt","SUCCESS"," select poems of thomas gray "
"588","442.txt","SUCCESS"," love songs "
"589","715.txt","SUCCESS"," the moon endureth: tales and fancies "
"590","9870.txt","SUCCESS"," war is kind "
"591","11194.txt","FAILURE"," vignettes in verse "
"592","13052.txt","FAILURE"," the mistress of the manse "
"593","14906.txt","FAILURE"," ""songs"
"594","16144.txt","FAILURE"," harry "
"595","17448.txt","FAILURE"," the auld doctor and other poems and songs in scots "
"596","18739.txt","FAILURE"," zophiel a poem "
"597","24312.txt","FAILURE"," the minstrel a collection of poems "
"598","26505.txt","FAILURE"," the old hanging fork and other poems "
"599","27333.txt","FAILURE"," pan and �olus: poems "
"600","9653.txt","FAILURE"," a wreath of virginia bay leaves poems of james barron hope "
"601","18109.txt","SUCCESS"," graveyard of dreams "
"602","18342.txt","SUCCESS"," the answer "
"603","19029.txt","SUCCESS"," the gifts of asti "
"604","24517.txt","SUCCESS"," accidental death "
"605","26955.txt","SUCCESS"," advanced chemistry "
"606","29019.txt","SUCCESS"," all cats are gray "
"607","29458.txt","SUCCESS"," cost of living "
"608","29548.txt","SUCCESS"," warrior race "
"609","29559.txt","SUCCESS"," they twinkled like jewels "
"610","30199.txt","SUCCESS"," mcilvaine's star "
"611","10391.txt","FAILURE"," the wolf's long howl "
"612","24927.txt","FAILURE"," a matter of magnitude "
"613","28156.txt","FAILURE"," minor detail "
"614","29601.txt","FAILURE"," see? "
"615","30329.txt","FAILURE"," black eyes and the daily grind "
"616","30382.txt","FAILURE"," ""say """"hello"""" for me"" "
"617","30386.txt","FAILURE"," the one and the many "
"618","30438.txt","FAILURE"," the eyes have it "
"619","30528.txt","FAILURE"," the day of the dog "
"620","30680.txt","FAILURE"," all day wednesday "
"621","22073.txt","SUCCESS"," the repairman "
"622","22966.txt","SUCCESS"," toy shop "
"623","22967.txt","SUCCESS"," the stoker and the stars "
"624","23210.txt","SUCCESS"," missing link "
"625","26066.txt","SUCCESS"," the cosmic express "
"626","28554.txt","SUCCESS"," beyond lies the wub "
"627","28698.txt","SUCCESS"," the crystal crypt "
"628","29492.txt","SUCCESS"," old rambling house "
"629","29614.txt","SUCCESS"," the game of rat and dragon "
"630","30234.txt","SUCCESS"," dead ringer "
"631","21541.txt","FAILURE"," ""quiet"
"632","25094.txt","FAILURE"," daughters of doom "
"633","28460.txt","FAILURE"," bolden's pets "
"634","29675.txt","FAILURE"," less than human "
"635","29676.txt","FAILURE"," identity "
"636","30330.txt","FAILURE"," high dragon bump "
"637","30383.txt","FAILURE"," spies die hard! "
"638","30454.txt","FAILURE"," blind spot "
"639","30539.txt","FAILURE"," the terrible answer "
"640","30683.txt","FAILURE"," the unthinking destroyer "
"641","21279.txt","SUCCESS"," 2 b r 0 2 b "
"642","22579.txt","SUCCESS"," bread overhead "
"643","27392.txt","SUCCESS"," lease to doomsday "
"644","28063.txt","SUCCESS"," the next logical step "
"645","28650.txt","SUCCESS"," year of the big thaw "
"646","29133.txt","SUCCESS"," shipwreck in the sky "
"647","29140.txt","SUCCESS"," the mathematicians "
"648","29504.txt","SUCCESS"," what's he doing in there? "
"649","29643.txt","SUCCESS"," death of a spaceman "
"650","30240.txt","SUCCESS"," the big trip up yonder "
"651","22470.txt","FAILURE"," the bell tone "
"652","28894.txt","FAILURE"," two plus two makes crazy "
"653","28922.txt","FAILURE"," compatible "
"654","28954.txt","FAILURE"," this is klon calling "
"655","29160.txt","FAILURE"," operation lorelie "
"656","29272.txt","FAILURE"," no hiding place "
"657","29356.txt","FAILURE"," such blooming talk "
"658","30468.txt","FAILURE"," ""holes"
"659","30649.txt","FAILURE"," last resort "
"660","30761.txt","FAILURE"," the minus woman "
"661","22958.txt","SUCCESS"," one-shot "
"662","23868.txt","SUCCESS"," vanishing point "
"663","26206.txt","SUCCESS"," pandemic "
"664","26521.txt","SUCCESS"," earthmen bearing gifts "
"665","27053.txt","SUCCESS"," the day time stopped moving "
"666","27462.txt","SUCCESS"," the last evolution "
"667","29142.txt","SUCCESS"," keep out "
"668","29503.txt","SUCCESS"," the hated "
"669","29750.txt","SUCCESS"," zen "
"670","30399.txt","SUCCESS"," pythias "
"671","22596.txt","FAILURE"," measure for a loner "
"672","25740.txt","FAILURE"," ambush a terran empire vignette "
"673","25742.txt","FAILURE"," hostage a terran empire story "
"674","29749.txt","FAILURE"," the flying cuspidors "
"675","30361.txt","FAILURE"," the stowaway "
"676","30379.txt","FAILURE"," field trip "
"677","30405.txt","FAILURE"," the clean and wholesome land "
"678","30475.txt","FAILURE"," with a vengeance "
"679","30670.txt","FAILURE"," mr. chipfellow's jackpot "
"680","30798.txt","FAILURE"," sonny "
"681","21627.txt","SUCCESS"," gambler's world "
"682","21782.txt","SUCCESS"," the yillian way "
"683","23146.txt","SUCCESS"," and all the earth a grave "
"684","24149.txt","SUCCESS"," the ambulance made two trips "
"685","26741.txt","SUCCESS"," i'm a stranger here myself "
"686","28062.txt","SUCCESS"," the man who saw the future "
"687","28893.txt","SUCCESS"," of time and texas "
"688","29303.txt","SUCCESS"," operation earthworm "
"689","29908.txt","SUCCESS"," the adventurer "
"690","32436.txt","SUCCESS"," duel on syrtis "
"691","24864.txt","FAILURE"," the great potlatch riots "
"692","26883.txt","FAILURE"," the sword and the atopen "
"693","28953.txt","FAILURE"," when i grow up "
"694","29599.txt","FAILURE"," homesick "
"695","29790.txt","FAILURE"," pleasant journey "
"696","30381.txt","FAILURE"," prelude to space "
"697","30437.txt","FAILURE"," larson's luck "
"698","30491.txt","FAILURE"," vital ingredient "
"699","30673.txt","FAILURE"," sound of terror "
"700","31123.txt","FAILURE"," the observers "
"701","10150.txt","SUCCESS"," dracula's guest "
"702","1883.txt","SUCCESS"," ""the wife"
"703","1944.txt","SUCCESS"," the witch and other stories "
"704","21279.txt","SUCCESS"," 2 b r 0 2 b "
"705","23661.txt","SUCCESS"," the book of dragons "
"706","25519.txt","SUCCESS"," little wizard stories of oz "
"707","2781.txt","SUCCESS"," just so stories "
"708","29019.txt","SUCCESS"," all cats are gray "
"709","30240.txt","SUCCESS"," the big trip up yonder "
"710","4357.txt","SUCCESS"," american fairy tales "
"711","11003.txt","FAILURE"," michelangelo's shoulder "
"712","13908.txt","FAILURE"," pipes o'pan at zekesbury "
"713","15986.txt","FAILURE"," th' barrel organ "
"714","18509.txt","FAILURE"," nick baba's last drink and other sketches "
"715","20255.txt","FAILURE"," the unruly sprite a partial fairy tale "
"716","23015.txt","FAILURE"," run to seed 1891 "
"717","23016.txt","FAILURE"," p'laski's tunament 1891 "
"718","23168.txt","FAILURE"," a ride with a mad horse in a freight-car 1898 "
"719","23549.txt","FAILURE"," wolf's head 1911 "
"720","23550.txt","FAILURE"," una of the hill country 1911 "
"721","1074.txt","SUCCESS"," the sea wolf "
"722","13707.txt","SUCCESS"," twice told tales "
"723","14967.txt","SUCCESS"," a gentleman vagabond and some others "
"724","22958.txt","SUCCESS"," one-shot "
"725","24811.txt","SUCCESS"," viking tales "
"726","27085.txt","SUCCESS"," rootabaga stories "
"727","28063.txt","SUCCESS"," the next logical step "
"728","29542.txt","SUCCESS"," the valor of cappen varra "
"729","3181.txt","SUCCESS"," the stolen white elephant "
"730","512.txt","SUCCESS"," mosses from an old manse and other stories "
"731","12095.txt","FAILURE"," more bywords "
"732","16860.txt","FAILURE"," a lover in homespun and other stories "
"733","18605.txt","FAILURE"," a pair of patient lovers "
"734","20493.txt","FAILURE"," stories and sketches "
"735","22837.txt","FAILURE"," the lost dahlia "
"736","22842.txt","FAILURE"," the widow's dog "
"737","23170.txt","FAILURE"," ""a brace of boys 1867"
"738","23221.txt","FAILURE"," the story of the little mamsell "
"739","23695.txt","FAILURE"," the little gray lady 1909 "
"740","3380.txt","FAILURE"," staccato notes of a vanished summer (from literature and life) "
"741","1197.txt","SUCCESS"," taras bulba and other tales "
"742","15859.txt","SUCCESS"," the piazza tales "
"743","17860.txt","SUCCESS"," stories from hans andersen "
"744","22073.txt","SUCCESS"," the repairman "
"745","22966.txt","SUCCESS"," toy shop "
"746","27200.txt","SUCCESS"," fairy tales of hans christian andersen "
"747","2814.txt","SUCCESS"," dubliners "
"748","29559.txt","SUCCESS"," they twinkled like jewels "
"749","3688.txt","SUCCESS"," the chronicles of clovis "
"750","689.txt","SUCCESS"," the kreutzer sonata and other stories "
"751","15078.txt","FAILURE"," idle hour stories "
"752","17065.txt","FAILURE"," ""interludes being two essays"
"753","18658.txt","FAILURE"," in macao "
"754","20541.txt","FAILURE"," the rocky island and other similitudes "
"755","23003.txt","FAILURE"," ""the new minister's great opportunity first published in the """"century magazine"""""" "
"756","23004.txt","FAILURE"," in madeira place 1887 "
"757","23165.txt","FAILURE"," ""the man who stole a meeting-house 1878"
"758","23411.txt","FAILURE"," sma�n; and safti's summer day 1905 "
"759","23412.txt","FAILURE"," the figure in the mirage 1905 "
"760","24109.txt","FAILURE"," the capgras shift "
"761","1202.txt","SUCCESS"," tales of unrest "
"762","2148.txt","SUCCESS"," the works of edgar allan poe � volume 2 "
"763","2150.txt","SUCCESS"," the works of edgar allan poe � volume 4 "
"764","23172.txt","SUCCESS"," ""the damned thing 1898"
"765","24975.txt","SUCCESS"," the gift bearer "
"766","28554.txt","SUCCESS"," beyond lies the wub "
"767","28644.txt","SUCCESS"," beyond the door "
"768","29614.txt","SUCCESS"," the game of rat and dragon "
"769","3806.txt","SUCCESS"," ""a modern cinderella or"
"770","7471.txt","SUCCESS"," the man with two left feet and other stories "
"771","12152.txt","FAILURE"," ""keeping watch night watches"
"772","12154.txt","FAILURE"," ""the weaker vessel night watches"
"773","15089.txt","FAILURE"," the deserter "
"774","17453.txt","FAILURE"," up in ardmuirland "
"775","1762.txt","FAILURE"," the consul "
"776","1891.txt","FAILURE"," a plea for old cap collier "
"777","23166.txt","FAILURE"," ""who was she? from """"the atlantic monthly"""" for september"
"778","23174.txt","FAILURE"," a good-for-nothing 1876 "
"779","23176.txt","FAILURE"," a michigan man 1891 "
"780","25056.txt","FAILURE"," the brothers-in-law: a tale of the equatorial islands; and the brass gun of the buccaneers 1901 "
"781","1312.txt","SUCCESS"," selected stories of bret harte "
"782","1743.txt","SUCCESS"," twelve stories and a dream "
"783","23218.txt","SUCCESS"," the red room "
"784","24879.txt","SUCCESS"," ""curious"
"785","26521.txt","SUCCESS"," earthmen bearing gifts "
"786","27462.txt","SUCCESS"," the last evolution "
"787","2777.txt","SUCCESS"," cabbages and kings "
"788","29948.txt","SUCCESS"," two timer "
"789","3815.txt","SUCCESS"," rolling stones "
"790","8129.txt","SUCCESS"," a dreamer's tales "
"791","12417.txt","FAILURE"," fishin' jimmy "
"792","14855.txt","FAILURE"," a few short sketches "
"793","15095.txt","FAILURE"," the story of a picture "
"794","19989.txt","FAILURE"," story-tell lib "
"795","22703.txt","FAILURE"," hooking watermelons 1898 "
"796","22704.txt","FAILURE"," to whom this may come 1898 "
"797","23011.txt","FAILURE"," eatin' crow; and the best man in garotte "
"798","23167.txt","FAILURE"," the man in the reservoir "
"799","23177.txt","FAILURE"," the inmate of the dungeon 1894 "
